{
    "038-001":[
        [6.9375911,79.8790437],
        [6.9375672,79.8790263],
        [6.9375459,79.8790102],
        [6.9375179,79.8789874],
        [6.9374687,79.8789404],
        [6.9373382,79.8788036],
        [6.9371944,79.8786467],
        [6.9370347,79.8784804],
        [6.9369015,79.878341],
        [6.9367631,79.8781908],
        [6.9366113,79.8780379],
        [6.9364409,79.8778635],
        [6.9361959,79.8776489],
        [6.9361001,79.8775578],
        [6.9358818,79.8772922],
        [6.9356581,79.877024],
        [6.9354238,79.8767558],
        [6.9351788,79.8764876],
        [6.9349552,79.8762462],
        [6.9347635,79.8759618],
        [6.9345238,79.875699],
        [6.9343188,79.8754469],
        [6.9341005,79.8751786],
        [6.9338875,79.8749319],
        [6.9336798,79.8746958],
        [6.9334774,79.8744839],
        [6.9332751,79.874264],
        [6.9330434,79.8740441],
        [6.9328225,79.8737866],
        [6.9326627,79.8735398],
        [6.9325136,79.8732743],
        [6.9323698,79.8729712],
        [6.9322766,79.8727405],
        [6.9321275,79.8724481],
        [6.9319757,79.8721343],
        [6.93184,79.8718312],
        [6.9316882,79.8714799],
        [6.9315551,79.8711473],
        [6.9314219,79.8708147],
        [6.9312915,79.8704714],
        [6.9311557,79.8701414],
        [6.9310279,79.8698491],
        [6.9308787,79.8695058],
        [6.9307536,79.869208],
        [6.9306125,79.868854],
        [6.9305086,79.8685294],
        [6.9303995,79.8681325],
        [6.9302877,79.8677516],
        [6.9301652,79.8673493],
        [6.9300667,79.8670059],
        [6.9299894,79.866735],
        [6.9299362,79.8665661],
        [6.9299109,79.8664802],
        [6.9298883,79.8664132],
        [6.9298723,79.8663689]
    ],
    "001-002":[
        [6.9298723,79.8663689],
        [6.9297924,79.8661624],
        [6.9297139,79.8659585],
        [6.9296353,79.8657453],
        [6.9295501,79.8655093],
        [6.9294742,79.865288],
        [6.9293917,79.8650774],
        [6.9292825,79.8648521],
        [6.9291813,79.8646711],
        [6.9290522,79.8645262],
        [6.9289257,79.8643814],
        [6.9287886,79.8641829],
        [6.9286741,79.8639657],
        [6.9285916,79.8637377],
        [6.928517,79.8635218],
        [6.9284451,79.8632978],
        [6.9283706,79.8630752],
        [6.928304,79.8628458],
        [6.9282481,79.8626138],
        [6.9281895,79.8623885],
        [6.9281256,79.8621404],
        [6.928083,79.8618722],
        [6.9280777,79.861612],
        [6.928079,79.8613237],
        [6.9281043,79.8610877],
        [6.9281549,79.8608597],
        [6.9282348,79.8606344],
        [6.9283293,79.8604372],
        [6.9284385,79.8602495],
        [6.9285649,79.8600671],
        [6.9286648,79.8598793],
        [6.9287899,79.8596889],
        [6.9289177,79.8594998],
        [6.9290189,79.8592852],
        [6.9291361,79.859084],
        [6.9292479,79.8588708],
        [6.9293651,79.8586871],
        [6.9294476,79.8585744],
        [6.9295847,79.8584497],
        [6.9297458,79.8583049],
        [6.9298949,79.8581842],
        [6.9300813,79.8580447],
        [6.9302597,79.8578998],
        [6.9304514,79.8577657],
        [6.9306524,79.8576424],
        [6.9308441,79.8575458],
        [6.9310358,79.8574519],
        [6.9311437,79.8573902],
        [6.9312781,79.8572682],
        [6.9314392,79.8571005],
        [6.9316016,79.8569342],
        [6.9317587,79.8567706],
        [6.9319345,79.8565722],
        [6.9320969,79.856375],
        [6.9322473,79.8561551],
        [6.9323671,79.8559231],
        [6.9324563,79.855679],
        [6.9325096,79.8554242],
        [6.9325615,79.8551667],
        [6.9326361,79.8548985],
        [6.9326973,79.8546463],
        [6.9327652,79.8543888],
        [6.9328451,79.8541421],
        [6.9329276,79.8538712],
        [6.9330128,79.853611],
        [6.9330887,79.8534139],
        [6.9331619,79.853159],
        [6.9332285,79.8529257],
        [6.9332924,79.8526789],
        [6.933343,79.8524429],
        [6.9333763,79.8520955],
        [6.9333922,79.8517093],
        [6.9334029,79.8513365],
        [6.9334189,79.8511165],
        [6.9334295,79.8509838],
        [6.9334322,79.8509368],
        [6.9334348,79.85091],
        [6.9334375,79.8508979],
        [6.9334402,79.8508872],
        [6.9334402,79.8508738]
    ],
    "002-003":[
        [6.9334402,79.8508872],
        [6.9334508,79.8506713],
        [6.9334615,79.850446],
        [6.9334721,79.8501939],
        [6.9334774,79.8499498],
        [6.9334881,79.8497111],
        [6.9335041,79.8494321],
        [6.933528,79.8491263],
        [6.9335813,79.8488313],
        [6.9336239,79.8485631],
        [6.9336212,79.8482519],
        [6.9335786,79.8478898],
        [6.9335254,79.8475975],
        [6.9334402,79.8473078],
        [6.9332751,79.847002],
        [6.9330727,79.8467338],
        [6.9328651,79.8465192],
        [6.9326307,79.8463583],
        [6.9323645,79.8462349],
        [6.9321808,79.8461585],
        [6.9321035,79.8461317],
        [6.9320636,79.8461156],
        [6.932037,79.8461048],
        [6.932025,79.8460995],
        [6.9320157,79.8460941]
    ],
    "003-004":[
        [6.9319984,79.8460887],
        [6.9319651,79.8460793],
        [6.9319278,79.8460686],
        [6.9318799,79.8460633],
        [6.931784,79.8460498],
        [6.9315537,79.8460297],
        [6.9313048,79.8460351],
        [6.9310492,79.846074],
        [6.9307376,79.8461571],
        [6.9304234,79.8462886],
        [6.9301519,79.8464146],
        [6.9298803,79.8465729],
        [6.9295954,79.8467231],
        [6.9292945,79.846884],
        [6.9289936,79.8470449],
        [6.9286688,79.8472354],
        [6.928336,79.8474312],
        [6.9280537,79.8476109],
        [6.9277608,79.8478013],
        [6.9275052,79.8480025],
        [6.9272389,79.8481661],
        [6.9270419,79.8482841],
        [6.9267437,79.8484209],
        [6.9264029,79.8485792],
        [6.9260408,79.8487508],
        [6.9257159,79.8489144],
        [6.9253378,79.8491183],
        [6.9250875,79.8492363],
        [6.9246988,79.8493651],
        [6.9243234,79.8494455],
        [6.9239746,79.8495126],
        [6.9235645,79.849585],
        [6.9233062,79.8496225],
        [6.9231811,79.849644],
        [6.9231012,79.8496547],
        [6.9230613,79.8496601],
        [6.9230346,79.8496655],
        [6.9230133,79.8496655]
    ],